event_date,industry,industry_label,ticker,factor_sentiment,weight_sum,n_posts,factor_sentiment_lex,iwks,iwks_lex
2026-04-18,ai_tech,AI / 大模型,QQQ,0.15686399999999998,0.96,2,0.0,0.1634,0.0
2026-04-19,ai_tech,AI / 大模型,QQQ,0.42235200000000006,0.96,2,0.0,0.43995000000000006,0.0
2026-04-20,crypto,加密,BTC-USD,-2.036685,8.33,1,-3.3320000000000003,-0.24449999999999997,-0.4
2026-04-21,ai_tech,AI / 大模型,QQQ,-0.116592,0.48,1,0.0,-0.2429,0.0
2026-04-23,ai_tech,AI / 大模型,QQQ,0.384672,0.48,1,0.0,0.8014000000000001,0.0
2026-04-23,crypto,加密,BTC-USD,-0.6355790000000001,8.33,1,0.0,-0.0763,0.0
2026-04-24,crypto,加密,BTC-USD,-1.484406,8.33,1,0.0,-0.1782,0.0
2026-04-25,ai_tech,AI / 大模型,QQQ,0.11558399999999999,0.48,1,0.0,0.2408,0.0
2026-04-28,ai_tech,AI / 大模型,QQQ,0.180576,1.44,3,0.0,0.12539999999999998,0.0
2026-04-29,ai_tech,AI / 大模型,QQQ,-0.39992399999999995,0.78,2,0.0,-0.5127230769230768,0.0
2026-05-01,ai_tech,AI / 大模型,QQQ,0.30345,0.6,2,0.0,0.50575,0.0
2026-05-01,crypto,加密,BTC-USD,-1.020425,8.33,1,0.0,-0.12249999999999998,0.0
2026-05-01,crypto,加密,QQQ,-1.162868,8.33,1,0.0,-0.1396,0.0
2026-05-03,ai_tech,AI / 大模型,QQQ,-0.11145000000000001,0.6,2,0.0,-0.18575000000000003,0.0
2026-05-03,crypto,加密,BTC-USD,-2.080001,8.33,1,0.0,-0.24970000000000003,0.0
2026-05-03,crypto,加密,QQQ,-1.839264,8.33,1,0.0,-0.2208,0.0
2026-05-04,ai_tech,AI / 大模型,QQQ,-0.10675199999999999,0.48,1,0.0,-0.2224,0.0
2026-05-05,ai_tech,AI / 大模型,QQQ,0.13847199999999998,0.58,2,0.0,0.23874482758620688,0.0
2026-05-05,crypto,加密,WLFI,7.915,15.83,1,0.0,0.5,0.0
2026-05-06,ai_tech,AI / 大模型,QQQ,0.009569999999999999,0.6,2,0.0,0.01595,0.0
2026-05-06,crypto,加密,BTC-USD,0.9213060000000001,15.83,1,0.0,0.0582,0.0
2026-05-07,ai_tech,AI / 大模型,QQQ,0.248462,1.64,5,0.0,0.1515012195121951,0.0
2026-05-08,ai_tech,AI / 大模型,QQQ,0.03549,0.4,4,0.0,0.088725,0.0
2026-05-08,crypto,加密,BTC-USD,-0.7861650000000001,24.16,2,0.0,-0.032539942052980136,0.0
2026-05-08,crypto,加密,CTUSD,-3.914759,15.83,1,0.0,-0.2473,0.0
2026-05-08,crypto,加密,QQQ,-3.954334,15.83,1,0.0,-0.2498,0.0
2026-05-09,ai_tech,AI / 大模型,FUN,0.09,0.36,1,0.0,0.25,0.0
2026-05-09,ai_tech,AI / 大模型,QQQ,0.06062499999999999,1.8099999999999998,4,0.0,0.033494475138121545,0.0
2026-05-09,crypto,加密,BTC-USD,0.449572,15.83,1,0.0,0.0284,0.0
2026-05-10,ai_tech,AI / 大模型,BTC-USD,0.08985599999999999,0.36,1,0.0,0.2496,0.0
2026-05-10,ai_tech,AI / 大模型,QQQ,0.06705899999999998,1.63,4,0.0,0.041140490797546,0.0
2026-05-11,ai_tech,AI / 大模型,BTC-USD,0.18007199999999998,0.36,1,0.0,0.5002,0.0
2026-05-11,ai_tech,AI / 大模型,QQQ,-198.79081699999998,204.91,15,-0.22799999999999998,-0.9701372163388804,-0.0011126836171977941
2026-05-11,crypto,加密,BTC-USD,-1.081189,15.83,1,0.0,-0.0683,0.0
2026-05-11,crypto,加密,CHIP,9.89375,15.83,1,6.332000000000001,0.625,0.4
2026-05-12,ai_tech,AI / 大模型,BTC-USD,-0.11382899999999999,0.57,1,0.0,-0.1997,0.0
2026-05-12,ai_tech,AI / 大模型,QQQ,0.290833,4.56,14,0.0,0.06377916666666668,0.0
2026-05-12,ai_tech,AI / 大模型,SOXX,-0.077904,0.36,1,0.0,-0.2164,0.0
2026-05-12,crypto,加密,BTC-USD,-13.268706,31.66,2,0.0,-0.4191,0.0
2026-05-12,crypto,加密,WLFI,-3.946419,15.83,1,0.0,-0.2493,0.0
2026-05-13,ai_tech,AI / 大模型,BTC-USD,-0.21986100000000003,4.79,1,0.0,-0.0459,0.0
2026-05-13,ai_tech,AI / 大模型,QQQ,21.117786,55.04,28,0.0,0.38368070494186046,0.0
2026-05-13,crypto,加密,BTC-USD,5.389170000000001,70.83,3,0.0,0.07608598051673021,0.0
2026-05-13,crypto,加密,SOXX,-1.002932,8.33,1,0.0,-0.1204,0.0
2026-05-14,ai_tech,AI / 大模型,BTC-USD,6.841242,12.93,2,0.0,0.5290983758700697,0.0
2026-05-14,ai_tech,AI / 大模型,QQQ,21.400675,77.19,24,0.0,0.2772467288508874,0.0
2026-05-14,consumer_tech,消费科技,QQQ,149.84,300.0,3,40.0,0.49946666666666667,0.13333333333333333
2026-05-14,consumer_tech,消费科技,SOXX,38.13000000000001,400.0,4,60.00000000000001,0.09532500000000002,0.15000000000000002
2026-05-14,crypto,加密,BILL,-10.399199999999999,43.33,1,0.0,-0.24,0.0
2026-05-14,crypto,加密,BTC-USD,78.849091,508.33,9,0.0,0.15511398304251175,0.0
2026-05-14,crypto,加密,QQQ,39.767297,139.17000000000002,2,0.0,0.2857461881152547,0.0
2026-05-15,ai_tech,AI / 大模型,BTC-USD,6.292542000000001,12.57,1,0.0,0.5006,0.0
2026-05-15,ai_tech,AI / 大模型,MSFT,1.7975,7.19,1,0.0,0.25,0.0
2026-05-15,ai_tech,AI / 大模型,QQQ,57.916267000000005,144.54,62,0.0,0.40069369724643705,0.0
2026-05-15,ai_tech,AI / 大模型,TSLA,-0.018855,0.45,1,0.0,-0.0419,0.0
2026-05-15,ai_tools,AI 工具 / Agent,QQQ,42.906959,257.51,5,0.0,0.16662249621373929,0.0
2026-05-15,ai_tools,AI 工具 / Agent,SOXX,84.47,200.0,2,40.0,0.42235,0.2
2026-05-15,consumer_tech,消费科技,GOOGL,10.77,43.08,1,0.0,0.25,0.0
2026-05-15,consumer_tech,消费科技,NVDA,10.735536,43.08,1,0.0,0.2492,0.0
2026-05-15,consumer_tech,消费科技,QQQ,104.988664,143.07999999999998,2,0.0,0.7337759575062903,0.0
2026-05-15,consumer_tech,消费科技,SIVE,43.08,43.08,1,0.0,1.0,0.0
2026-05-15,consumer_tech,消费科技,TSLA,-10.77,43.08,1,0.0,-0.25,0.0
2026-05-15,crypto,加密,BTC-USD,130.66750000000002,511.68,8,0.0,0.25536956691682305,0.0
2026-05-15,crypto,加密,QQQ,5.337321,21.67,1,0.0,0.2463,0.0
2026-05-16,ai_tech,AI / 大模型,BTC-USD,-0.025036,0.11,1,0.0,-0.2276,0.0
2026-05-16,ai_tech,AI / 大模型,QQQ,19.013726,62.06,60,-0.08800000000000001,0.3063765066065098,-0.0014179825974863036
2026-05-16,ai_tools,AI 工具 / Agent,QQQ,111.58223100000001,719.17,8,0.0,0.15515417912315588,0.0
2026-05-16,crypto,加密,BTC-USD,38.735731,214.19000000000003,10,0.0,0.1808475232270414,0.0
2026-05-16,crypto,加密,QQQ,7.89762,55.0,3,0.0,0.14359309090909092,0.0
2026-05-16,crypto,加密,SOXX,-2.5830640000000002,21.67,1,0.0,-0.1192,0.0
2026-05-16,crypto,加密,TSLA,5.4175,21.67,1,0.0,0.25,0.0
2026-05-16,ev,新能源 / 电动车,QQQ,50.0,200.0,2,0.0,0.25,0.0
2026-05-16,ev,新能源 / 电动车,TSLA,-25.05,200.0,2,0.0,-0.12525,0.0
2026-05-17,ai_tech,AI / 大模型,QQQ,-1.469716,7.48,9,0.0,-0.19648609625668448,0.0
2026-05-17,crypto,加密,SOXX,-5.35,25.0,1,0.0,-0.214,0.0
